{
	"data": {
		"languageTokenURL": "en.json",
		"domain": "https://phoenix-api-dev.impelsys.com",
		"apipath": "/account/v1/",
		"apiendpoints": {
			"tenantlist": "tenants",
			"login": "login",
			"register": "register",
			"resourceGroups": "resourceGroups",
			"roles": "roles",
			"sites": "sites",
			"users": "users",
			"institutions": "institutions"
		},
		"catelogservice": "/catalog/v1/",
		"catelogserviceendpoints": {
			"uploads": "uploads",
			"assets": "assets",
			"products": "products",
			"linkTypes": "linkTypes",
			"productTypes":"productTypes",
			"productLinkTypes":"productAssetLinks"
		},
		"pageSizes": [
			10,
			15,
			25
		],
		"siteKey": "6LcnbUsUAAAAAO3dLin4J6JVFX0TQ73Sa4I1tSe2"
	}
}