{
    
    "status": 200,
    "error": {},
    "data": {
	"userGroups": [{
		"id": 1,
		"name": "user group name",
		"type": "classroom",
		"description": "user group description",
		"isActive": true,
		"instructor": "Subhash",
		"createdTime": "2018-03-07T07:16:24.304Z",
		"updatedTime": "2018-03-07T07:16:24.304Z"
    },
    {
		"id": 2,
		"name": "user group name",
		"type": "classroom",
		"description": "user group description",
		"isActive": true,
		"instructor": "Subhash",
		"createdTime": "2018-03-07T07:16:24.304Z",
		"updatedTime": "2018-03-07T07:16:24.304Z"
    }

],
    "_pagination": {
        "totalCount": 2,
        "totalPages": 1,
        "isFirst": true,
        "isLast": true,
        "pageNumber": 1,
        "pageSize": 10
      }
    }
}