{
    "status": 200,
    "error": {},
    "data": {
        "resourceGroups": [
            {
                "id": 100,
                "code": "productManagemnt",
                "name": "Product managment",
                "resources": [
                    {
                        "id": 100,
                        "code": "product 1",
                        "url": "products",
                        "operations": [
                            {
                                "id": 100,
                                "name": "Create",
                                "code": "create product 1",
                                "selected": true
                            },
                            {
                                "id": 100,
                                "name": "Create",
                                "code": "create product 1",
                                "selected": true
                            },
                            {
                                "id": 100,
                                "name": "Create",
                                "code": "create product 1",
                                "selected": true
                            }
                        ]
                    },
                    {
                        "id": 100,
                        "code": "product 2",
                        "url": "products",
                        "operations": [
                            {
                                "id": 100,
                                "name": "Create",
                                "code": "create product 2",
                                "selected": true
                            },
                            {
                                "id": 100,
                                "name": "Create",
                                "code": "create product 2",
                                "selected": true
                            },
                            {
                                "id": 100,
                                "name": "Create",
                                "code": "create product 2",
                                "selected": true
                            }
                        ]
                    }
                ]
            },
            {
                "id": 100,
                "code": "siteManagemnt",
                "name": "Site managment",
                "resources": [
                    {
                        "id": 100,
                        "code": "Sites",
                        "url": "sites",
                        "operations": [
                            {
                                "id": 100,
                                "name": "Create",
                                "code": "create Sites",
                                "selected": true
                            },
                            {
                                "id": 100,
                                "name": "Create",
                                "code": "create Sites",
                                "selected": true
                            },
                            {
                                "id": 100,
                                "name": "Create",
                                "code": "create Sites",
                                "selected": true
                            }
                        ]
                    }
                ]
            }
        ]
    }
}