[
	{
		"organization": "Ac Orci Ut Incorporated",
		"name": "Judah Phelps",
		"email": "augue.scelerisque.mollis@ligulaNullamfeugiat.com",
		"assets": 1,
		"status": "warning",
		"actions": "lectus,"
	},
	{
		"organization": "Adipiscing Lacus Ut Corporation",
		"name": "Valentine Ward",
		"email": "tincidunt.vehicula.risus@Donectincidunt.co.uk",
		"assets": 4,
		"status": "danger",
		"actions": "semper"
	},
	{
		"organization": "Tempus Lorem Fringilla Foundation",
		"name": "Joel Ratliff",
		"email": "sapien@nectellus.org",
		"assets": 5,
		"status": "info",
		"actions": "consectetuer"
	},
	{
		"organization": "Montes Corp.",
		"name": "Barrett Holloway",
		"email": "rhoncus.Nullam@tristiquepellentesque.co.uk",
		"assets": 2,
		"status": "success",
		"actions": "Nam"
	},
	{
		"organization": "Sit Incorporated",
		"name": "Seth Fuentes",
		"email": "ligula@semper.net",
		"assets": 5,
		"status": "success",
		"actions": "In"
	},
	{
		"organization": "Fermentum Arcu Industries",
		"name": "Brock Tucker",
		"email": "sed@aliquet.edu",
		"assets": 3,
		"status": "danger",
		"actions": "Quisque"
	},
	{
		"organization": "Purus Institute",
		"name": "Reed Allison",
		"email": "Phasellus.at@ornarelectus.com",
		"assets": 4,
		"status": "danger",
		"actions": "vitae,"
	},
	{
		"organization": "Nonummy Ipsum LLC",
		"name": "Xavier Morin",
		"email": "lorem.eu.metus@neccursusa.net",
		"assets": 2,
		"status": "danger",
		"actions": "ipsum."
	},
	{
		"organization": "At LLP",
		"name": "Kamal Thomas",
		"email": "sem@parturient.com",
		"assets": 5,
		"status": "danger",
		"actions": "at"
	},
	{
		"organization": "Orci Lacus Limited",
		"name": "Gregory Anderson",
		"email": "pellentesque.eget@augueeu.edu",
		"assets": 3,
		"status": "warning",
		"actions": "ligula."
	},
	{
		"organization": "Maecenas Mi Felis Institute",
		"name": "Brock Kerr",
		"email": "eget.magna@eu.org",
		"assets": 5,
		"status": "success",
		"actions": "dui."
	},
	{
		"organization": "Pellentesque Ultricies Associates",
		"name": "Alfonso Kaufman",
		"email": "ut@hendreritidante.net",
		"assets": 3,
		"status": "dolor,",
		"actions": "eu"
	},
	{
		"organization": "Id Foundation",
		"name": "Jonah Holmes",
		"email": "consequat.nec@egestasDuisac.org",
		"assets": 4,
		"status": "Cras",
		"actions": "et"
	},
	{
		"organization": "Nascetur Ridiculus Associates",
		"name": "Benedict Moses",
		"email": "tortor.nibh@consectetuereuismodest.com",
		"assets": 1,
		"status": "mattis",
		"actions": "dictum"
	},
	{
		"organization": "Nunc Ac Sem Industries",
		"name": "Channing Schwartz",
		"email": "urna.Ut.tincidunt@Inat.edu",
		"assets": 5,
		"status": "hendrerit",
		"actions": "parturient"
	},
	{
		"organization": "Libero Institute",
		"name": "Amos Bell",
		"email": "habitant.morbi@ut.co.uk",
		"assets": 5,
		"status": "tortor.",
		"actions": "dignissim"
	},
	{
		"organization": "Ipsum Porta Elit Incorporated",
		"name": "Blaze Hill",
		"email": "pede.et@convallis.ca",
		"assets": 4,
		"status": "Sed",
		"actions": "nec,"
	},
	{
		"organization": "Lacus Quisque Company",
		"name": "Stone Banks",
		"email": "luctus.vulputate@iaculis.com",
		"assets": 3,
		"status": "sollicitudin",
		"actions": "Curae;"
	},
	{
		"organization": "Ante Blandit Consulting",
		"name": "Ross Landry",
		"email": "et.arcu@Cras.org",
		"assets": 3,
		"status": "orci",
		"actions": "nonummy."
	},
	{
		"organization": "Cras Ltd",
		"name": "Arden Castro",
		"email": "ipsum.Curabitur.consequat@Maecenasornare.org",
		"assets": 3,
		"status": "lectus",
		"actions": "diam"
	},
	{
		"organization": "Vel Corp.",
		"name": "Moses Ware",
		"email": "tempus.scelerisque@interdumNuncsollicitudin.net",
		"assets": 3,
		"status": "et",
		"actions": "penatibus"
	},
	{
		"organization": "Quisque Porttitor Eros Foundation",
		"name": "Dalton Lee",
		"email": "ante.blandit.viverra@Morbiquis.net",
		"assets": 1,
		"status": "erat",
		"actions": "non"
	},
	{
		"organization": "Malesuada Fames Limited",
		"name": "Silas Clemons",
		"email": "sem.eget@sodalesnisi.com",
		"assets": 1,
		"status": "tellus",
		"actions": "ac"
	},
	{
		"organization": "Tincidunt Adipiscing Inc.",
		"name": "Kato Campbell",
		"email": "sem.egestas.blandit@egetlaoreetposuere.edu",
		"assets": 1,
		"status": "lacus.",
		"actions": "magna."
	},
	{
		"organization": "Pede Praesent Corp.",
		"name": "Demetrius Goodwin",
		"email": "purus.accumsan@consequat.net",
		"assets": 2,
		"status": "dui.",
		"actions": "purus."
	},
	{
		"organization": "Dictum Magna Associates",
		"name": "Brian Brady",
		"email": "tristique.pharetra@justoPraesentluctus.edu",
		"assets": 4,
		"status": "sagittis",
		"actions": "sed"
	},
	{
		"organization": "Id LLC",
		"name": "Elton Kidd",
		"email": "laoreet@porttitorinterdum.com",
		"assets": 5,
		"status": "sem",
		"actions": "sapien,"
	},
	{
		"organization": "Risus Institute",
		"name": "Maxwell Ware",
		"email": "Aenean.eget.magna@Nunclaoreetlectus.co.uk",
		"assets": 5,
		"status": "elit",
		"actions": "aliquam,"
	},
	{
		"organization": "Vulputate Incorporated",
		"name": "Hakeem Booker",
		"email": "vel.faucibus.id@luctuslobortisClass.org",
		"assets": 5,
		"status": "Proin",
		"actions": "Nunc"
	},
	{
		"organization": "Faucibus Ltd",
		"name": "Wing Mann",
		"email": "metus.Aenean@urnanec.co.uk",
		"assets": 1,
		"status": "nisi",
		"actions": "nec,"
	},
	{
		"organization": "Erat Eget Ipsum Institute",
		"name": "Kirk Ashley",
		"email": "vitae@eueleifendnec.org",
		"assets": 4,
		"status": "a",
		"actions": "a"
	},
	{
		"organization": "Fermentum Vel Mauris Corporation",
		"name": "Flynn Henry",
		"email": "sed@blandit.edu",
		"assets": 2,
		"status": "malesuada",
		"actions": "per"
	},
	{
		"organization": "Gravida Sagittis Duis Incorporated",
		"name": "Silas Morse",
		"email": "enim@cursusNunc.org",
		"assets": 1,
		"status": "Maecenas",
		"actions": "dictum"
	},
	{
		"organization": "In Tincidunt Congue Corp.",
		"name": "Nash Black",
		"email": "ut.nulla@auctorvelit.edu",
		"assets": 5,
		"status": "hendrerit.",
		"actions": "urna."
	},
	{
		"organization": "Non LLC",
		"name": "Tarik James",
		"email": "nulla.Donec.non@tristiquepharetraQuisque.com",
		"assets": 5,
		"status": "urna.",
		"actions": "ultrices"
	},
	{
		"organization": "Lectus Limited",
		"name": "Dillon Baxter",
		"email": "diam.lorem.auctor@risus.org",
		"assets": 1,
		"status": "ullamcorper",
		"actions": "in"
	},
	{
		"organization": "Lobortis Ultrices Vivamus Institute",
		"name": "Lamar Ferrell",
		"email": "sed.libero.Proin@nonummy.ca",
		"assets": 1,
		"status": "tellus",
		"actions": "Etiam"
	},
	{
		"organization": "Urna Nullam Lobortis Institute",
		"name": "David Burnett",
		"email": "lorem@auctor.com",
		"assets": 3,
		"status": "metus",
		"actions": "ipsum"
	},
	{
		"organization": "Senectus Et Inc.",
		"name": "Caldwell Harding",
		"email": "Donec@mollis.net",
		"assets": 2,
		"status": "gravida",
		"actions": "orci."
	},
	{
		"organization": "Egestas Company",
		"name": "Harding Mcpherson",
		"email": "erat.eget@Nullamfeugiat.ca",
		"assets": 2,
		"status": "congue,",
		"actions": "metus."
	},
	{
		"organization": "Et Malesuada Fames Limited",
		"name": "Edward Adkins",
		"email": "velit.dui@Namconsequatdolor.org",
		"assets": 2,
		"status": "odio",
		"actions": "vel"
	},
	{
		"organization": "Arcu Morbi Ltd",
		"name": "Alfonso Good",
		"email": "sollicitudin.commodo.ipsum@eget.com",
		"assets": 4,
		"status": "ultrices,",
		"actions": "turpis."
	},
	{
		"organization": "Est Industries",
		"name": "Grant Hodges",
		"email": "ligula.Aliquam.erat@faucibuslectusa.ca",
		"assets": 1,
		"status": "sodales",
		"actions": "Nulla"
	},
	{
		"organization": "Luctus Industries",
		"name": "Christopher Hodges",
		"email": "malesuada.augue@velitjustonec.ca",
		"assets": 3,
		"status": "non",
		"actions": "neque."
	},
	{
		"organization": "Tortor Nibh LLP",
		"name": "Dylan Emerson",
		"email": "natoque.penatibus@cursus.com",
		"assets": 4,
		"status": "sit",
		"actions": "natoque"
	},
	{
		"organization": "Et Nunc PC",
		"name": "Preston Dickerson",
		"email": "dolor@morbitristiquesenectus.co.uk",
		"assets": 4,
		"status": "cursus",
		"actions": "felis"
	},
	{
		"organization": "Suspendisse Aliquet Ltd",
		"name": "Griffin Ford",
		"email": "lorem.Donec.elementum@laciniavitae.net",
		"assets": 1,
		"status": "pede",
		"actions": "Duis"
	},
	{
		"organization": "Risus Consulting",
		"name": "Aidan Mathews",
		"email": "libero.mauris.aliquam@liberoDonec.edu",
		"assets": 5,
		"status": "turpis.",
		"actions": "non,"
	},
	{
		"organization": "Mauris Eu Turpis Inc.",
		"name": "Denton Harrell",
		"email": "et@duiFusce.co.uk",
		"assets": 1,
		"status": "nec",
		"actions": "vel"
	},
	{
		"organization": "Lacus Varius Et Industries",
		"name": "Richard Barlow",
		"email": "fermentum.fermentum@atnisi.net",
		"assets": 3,
		"status": "nulla.",
		"actions": "sapien."
	},
	{
		"organization": "Ultricies Ornare Elit Industries",
		"name": "Chase Mcfadden",
		"email": "at.augue@eudoloregestas.co.uk",
		"assets": 2,
		"status": "Nulla",
		"actions": "in"
	},
	{
		"organization": "Nonummy Ipsum PC",
		"name": "Tate Cruz",
		"email": "id.blandit.at@actellusSuspendisse.co.uk",
		"assets": 3,
		"status": "ut",
		"actions": "aliquet"
	},
	{
		"organization": "Dis Inc.",
		"name": "Kevin Stafford",
		"email": "velit.Pellentesque.ultricies@atpede.co.uk",
		"assets": 1,
		"status": "et",
		"actions": "tellus,"
	},
	{
		"organization": "Sed Nulla Ante LLP",
		"name": "Quamar Pollard",
		"email": "dolor.dolor@Cras.net",
		"assets": 1,
		"status": "vel,",
		"actions": "mi"
	},
	{
		"organization": "Et Lacinia Vitae LLP",
		"name": "Lawrence Duke",
		"email": "lorem.tristique.aliquet@accumsanlaoreetipsum.ca",
		"assets": 1,
		"status": "ullamcorper,",
		"actions": "urna."
	},
	{
		"organization": "Purus PC",
		"name": "Luke Snow",
		"email": "Donec.est@tinciduntdui.org",
		"assets": 4,
		"status": "magna.",
		"actions": "dolor"
	},
	{
		"organization": "Imperdiet LLP",
		"name": "Nash Lane",
		"email": "scelerisque.dui@Nam.org",
		"assets": 3,
		"status": "ultrices,",
		"actions": "Praesent"
	},
	{
		"organization": "Lorem Ltd",
		"name": "Thaddeus Tate",
		"email": "erat.Vivamus.nisi@Aenean.edu",
		"assets": 5,
		"status": "id,",
		"actions": "elit,"
	},
	{
		"organization": "Arcu Vestibulum Ante LLC",
		"name": "Chancellor Cline",
		"email": "Vivamus@nonhendreritid.org",
		"assets": 4,
		"status": "scelerisque",
		"actions": "nec"
	},
	{
		"organization": "Vitae Odio Institute",
		"name": "Felix Ellis",
		"email": "justo.sit.amet@adipiscingelitEtiam.co.uk",
		"assets": 2,
		"status": "nonummy",
		"actions": "Quisque"
	},
	{
		"organization": "Adipiscing Mauris Molestie Consulting",
		"name": "Barrett Cooke",
		"email": "enim.Sed@Pellentesque.net",
		"assets": 1,
		"status": "semper.",
		"actions": "elit"
	},
	{
		"organization": "Augue Eu Tellus Foundation",
		"name": "Ryan Madden",
		"email": "rhoncus.Proin.nisl@litora.ca",
		"assets": 2,
		"status": "sed",
		"actions": "ornare,"
	},
	{
		"organization": "Augue Ut Incorporated",
		"name": "Denton Pickett",
		"email": "Duis.a.mi@ornarelectus.com",
		"assets": 4,
		"status": "sapien,",
		"actions": "nulla"
	},
	{
		"organization": "Elit Incorporated",
		"name": "Burton Bright",
		"email": "tincidunt.orci@suscipitnonummy.ca",
		"assets": 3,
		"status": "ut",
		"actions": "eget"
	},
	{
		"organization": "Ultricies Dignissim Industries",
		"name": "Adam Flowers",
		"email": "mi.pede@lorem.com",
		"assets": 3,
		"status": "felis.",
		"actions": "magna."
	},
	{
		"organization": "Mauris Blandit Corporation",
		"name": "Akeem Peck",
		"email": "vulputate.lacus@semmolestie.co.uk",
		"assets": 1,
		"status": "ultrices,",
		"actions": "ipsum"
	},
	{
		"organization": "Vivamus Corporation",
		"name": "Emmanuel Herman",
		"email": "volutpat.ornare.facilisis@etmagna.com",
		"assets": 3,
		"status": "ut",
		"actions": "gravida"
	},
	{
		"organization": "Donec Tincidunt Institute",
		"name": "Gabriel Saunders",
		"email": "vitae@anteVivamusnon.co.uk",
		"assets": 2,
		"status": "Fusce",
		"actions": "sodales"
	},
	{
		"organization": "Non Dapibus Rutrum Company",
		"name": "Yasir Kirk",
		"email": "sapien.Aenean.massa@netus.org",
		"assets": 2,
		"status": "orci",
		"actions": "pede,"
	},
	{
		"organization": "Cras Sed Leo Incorporated",
		"name": "Jamal Compton",
		"email": "aliquet.sem.ut@ornare.co.uk",
		"assets": 5,
		"status": "sapien",
		"actions": "vel"
	},
	{
		"organization": "Tristique Pellentesque Tellus Ltd",
		"name": "Odysseus Carroll",
		"email": "orci.Ut@sapien.net",
		"assets": 1,
		"status": "non,",
		"actions": "dui"
	},
	{
		"organization": "Leo Foundation",
		"name": "Camden Collins",
		"email": "sodales@velit.com",
		"assets": 5,
		"status": "id",
		"actions": "nisl."
	},
	{
		"organization": "Nunc Sed Pede Limited",
		"name": "Graiden Torres",
		"email": "rhoncus.Proin@a.com",
		"assets": 3,
		"status": "felis",
		"actions": "massa."
	},
	{
		"organization": "Rhoncus Nullam Velit Ltd",
		"name": "Tucker Short",
		"email": "Integer.tincidunt.aliquam@laoreet.edu",
		"assets": 3,
		"status": "tincidunt",
		"actions": "sed"
	},
	{
		"organization": "Arcu Vestibulum Ut Institute",
		"name": "Edward Huber",
		"email": "metus.In@mifringilla.net",
		"assets": 1,
		"status": "nibh",
		"actions": "egestas"
	},
	{
		"organization": "Ac Mattis Company",
		"name": "Cain Mccullough",
		"email": "nulla@antedictumcursus.com",
		"assets": 3,
		"status": "lectus",
		"actions": "pellentesque,"
	},
	{
		"organization": "Eu LLC",
		"name": "Hamilton Moon",
		"email": "sem@Cum.co.uk",
		"assets": 2,
		"status": "in",
		"actions": "ligula."
	},
	{
		"organization": "In Company",
		"name": "Russell Underwood",
		"email": "eleifend@non.edu",
		"assets": 1,
		"status": "auctor",
		"actions": "Curabitur"
	},
	{
		"organization": "Eget Metus Eu Foundation",
		"name": "Finn Munoz",
		"email": "sapien.Nunc.pulvinar@convallisin.ca",
		"assets": 1,
		"status": "eget",
		"actions": "massa"
	},
	{
		"organization": "Et Tristique Pellentesque Associates",
		"name": "Eric Ruiz",
		"email": "eu.ultrices.sit@pretium.edu",
		"assets": 2,
		"status": "In",
		"actions": "Sed"
	},
	{
		"organization": "Sed Dui Fusce Institute",
		"name": "Nash Avila",
		"email": "pharetra.felis.eget@atlibero.co.uk",
		"assets": 2,
		"status": "convallis",
		"actions": "Sed"
	},
	{
		"organization": "Placerat Eget Venenatis Limited",
		"name": "Magee Berry",
		"email": "velit@ac.ca",
		"assets": 2,
		"status": "fermentum",
		"actions": "id,"
	},
	{
		"organization": "Sed Facilisis Corp.",
		"name": "Gary Brock",
		"email": "augue.id.ante@nonjustoProin.edu",
		"assets": 5,
		"status": "a,",
		"actions": "bibendum."
	},
	{
		"organization": "Magna Institute",
		"name": "Xenos Hyde",
		"email": "elit.erat.vitae@nisiCumsociis.co.uk",
		"assets": 5,
		"status": "dis",
		"actions": "Integer"
	},
	{
		"organization": "Volutpat Nunc Sit LLC",
		"name": "Cain French",
		"email": "mi@duiquisaccumsan.com",
		"assets": 1,
		"status": "purus.",
		"actions": "ac"
	},
	{
		"organization": "Nunc Incorporated",
		"name": "Amal Marks",
		"email": "sem.magna@Cras.ca",
		"assets": 5,
		"status": "turpis",
		"actions": "lobortis"
	},
	{
		"organization": "At Augue Id Corp.",
		"name": "Elijah Fuentes",
		"email": "Nullam.vitae.diam@egestasa.org",
		"assets": 1,
		"status": "tincidunt",
		"actions": "turpis."
	},
	{
		"organization": "Integer In Consulting",
		"name": "Josiah Decker",
		"email": "nulla@ametanteVivamus.co.uk",
		"assets": 5,
		"status": "Nam",
		"actions": "vitae"
	},
	{
		"organization": "Nunc Commodo Limited",
		"name": "Plato Lang",
		"email": "lorem.fringilla.ornare@mifringilla.com",
		"assets": 5,
		"status": "vitae,",
		"actions": "semper"
	},
	{
		"organization": "Suscipit Est Limited",
		"name": "Jordan Ramos",
		"email": "Aenean@a.com",
		"assets": 1,
		"status": "ut",
		"actions": "Donec"
	},
	{
		"organization": "Molestie Pharetra Nibh LLC",
		"name": "Seth Walker",
		"email": "mauris.rhoncus.id@volutpat.com",
		"assets": 2,
		"status": "auctor",
		"actions": "metus."
	},
	{
		"organization": "Quisque Imperdiet LLC",
		"name": "Logan Wilder",
		"email": "Fusce@eros.co.uk",
		"assets": 4,
		"status": "in,",
		"actions": "Nunc"
	},
	{
		"organization": "Consequat Enim Diam Ltd",
		"name": "Gavin Beasley",
		"email": "risus@Namacnulla.com",
		"assets": 4,
		"status": "ipsum",
		"actions": "aliquam"
	},
	{
		"organization": "In Magna Phasellus Corp.",
		"name": "Andrew Owens",
		"email": "Vestibulum.ut@Mauris.ca",
		"assets": 1,
		"status": "parturient",
		"actions": "arcu."
	},
	{
		"organization": "Sapien LLC",
		"name": "Carl Duffy",
		"email": "velit@commodo.edu",
		"assets": 4,
		"status": "egestas",
		"actions": "In"
	},
	{
		"organization": "Dapibus Quam Consulting",
		"name": "Hashim Hickman",
		"email": "tristique@ac.org",
		"assets": 4,
		"status": "gravida",
		"actions": "et,"
	},
	{
		"organization": "Ornare LLC",
		"name": "Vance Bauer",
		"email": "nec@parturientmontes.co.uk",
		"assets": 1,
		"status": "sed,",
		"actions": "vehicula."
	},
	{
		"organization": "Pede Limited",
		"name": "Brock Armstrong",
		"email": "non@Sedneque.co.uk",
		"assets": 1,
		"status": "purus.",
		"actions": "mattis"
	},
	{
		"organization": "Curabitur Sed Ltd",
		"name": "Lev Martinez",
		"email": "sed@quamdignissimpharetra.co.uk",
		"assets": 5,
		"status": "magna,",
		"actions": "cursus"
	},
	{
		"organization": "Arcu Imperdiet Associates",
		"name": "Avram Kidd",
		"email": "eget@turpisvitae.com",
		"assets": 2,
		"status": "Praesent",
		"actions": "sem"
	}
]